#Path Level	#Locales	Locales	Section	Page	Header	Code
modern	1	km	Characters	Symbols2	currency	£ –keywords
modern	2	km or	Characters	Symbols2	currency	¥ –keywords
modern	1	lt	Characters	Symbols2	alphanum	µ –keywords
modern	1	lt	Characters	Symbols2	alphanum	µ -name
modern	2	km or	Characters	Symbols2	punctuation	» –keywords
modern	2	km or	Characters	Symbols2	currency	€ –keywords
modern	1	or	Characters	Symbols2	arrow	↑ –keywords
modern	2	kk or	Characters	Symbols2	arrow	↑ -name
modern	1	or	Characters	Symbols2	arrow	↓ –keywords
modern	2	kk or	Characters	Symbols2	arrow	↓ -name
modern	1	or	Characters	Symbols2	arrow	⇅ –keywords
modern	1	or	Characters	Symbols2	arrow	⇅ -name
modern	1	kk	Characters	Symbols2	arrow	⇆ -name
modern	1	or	Characters	Symbols2	geometric	▲ –keywords
modern	2	kk or	Characters	Symbols2	geometric	▲ -name
modern	1	or	Characters	Symbols2	geometric	▼ –keywords
modern	1	or	Characters	Symbols2	geometric	▼ -name
modern	1	or	Characters	Symbols2	geometric	◊ –keywords
modern	1	lo	Characters	Symbols2	gender	⚧ –keywords
modern	9	as bg kn lo my ne or ps sq	Characters	Flags	flag	🏳‍⚧ –keywords
modern	2	as or	Characters	Flags	flag	🏳‍⚧ -name
modern	1	or	Characters	People & Body	person-role	👩‍🍼 –keywords
modern	1	or	Characters	People & Body	person-role	👩‍🍼 -name
modern	1	lo	Characters	Travel & Places	place-building	🛖 –keywords
modern	2	lo ne	Characters	People & Body	hand-fingers-partial	🤌 –keywords
modern	1	lo	Characters	Smileys & Emotion	face-affection	🥲 –keywords
modern	1	ps	Characters	Animals & Nature	animal-mammal	🦣 –keywords
modern	2	as ne	Characters	Animals & Nature	animal-mammal	🦬 –keywords
modern	1	as	Characters	Animals & Nature	animal-mammal	🦬 -name
modern	1	sv	Characters	People & Body	person-role	🧑‍⚕ –keywords
modern	2	mr ne	Characters	People & Body	person-role	🧑‍⚖ –keywords
modern	1	kk	Characters	People & Body	person-role	🧑‍✈ –keywords
modern	1	kk	Characters	People & Body	person-role	🧑‍🍳 –keywords
modern	1	uk	Characters	People & Body	person-fantasy	🧑‍🎄 –keywords
modern	1	uk	Characters	People & Body	person-fantasy	🧑‍🎄 -name
modern	2	hi sv	Characters	People & Body	person-role	🧑‍🎤 –keywords
modern	1	ne	Characters	People & Body	person-role	🧑‍🏭 –keywords
modern	1	mr	Characters	People & Body	person-role	🧑‍🚀 –keywords
modern	1	lo	Characters	People & Body	person-role	🧑‍🚒 –keywords
modern	2	lo my	Characters	People & Body	person-activity	🧑‍🦯 –keywords
modern	3	kk lo my	Characters	People & Body	person-activity	🧑‍🦼 –keywords
modern	4	az kk lo sq	Characters	People & Body	person-activity	🧑‍🦽 –keywords
modern	1	lo	Characters	Activities	game	🪅 –keywords
modern	1	my	Characters	Objects	clothing	🪖 –keywords
modern	1	my	Characters	Objects	clothing	🪖 -name
modern	1	lo	Characters	Objects	tool	🪚 –keywords
modern	1	lo	Characters	Objects	tool	🪜 –keywords
modern	1	tk	Characters	Objects	household	🪠 –keywords
modern	1	zh	Characters	Activities	arts & crafts	🪢 –keywords
modern	1	as	Characters	Animals & Nature	animal-bug	🪱 –keywords
modern	1	as	Characters	Animals & Nature	animal-bug	🪱 -name
modern	1	as	Characters	Animals & Nature	animal-bug	🪲 –keywords
modern	2	as ne	Characters	Animals & Nature	animal-bug	🪳 –keywords
modern	1	as	Characters	Animals & Nature	animal-bug	🪳 -name
modern	1	lo	Characters	Animals & Nature	plant-other	🪴 –keywords
modern	1	ne	Characters	People & Body	body-parts	🫀 –keywords
modern	1	lo	Characters	People & Body	body-parts	🫁 –keywords
modern	1	kn	Characters	Food & Drink	food-fruit	🫐 –keywords
modern	1	ne	Characters	Food & Drink	food-vegetable	🫑 –keywords
modern	2	lo ne	Characters	Food & Drink	food-fruit	🫒 –keywords
modern	1	lo	Characters	Food & Drink	food-prepared	🫓 –keywords
modern	1	ne	Characters	Food & Drink	food-prepared	🫔 –keywords
modern	1	lo	Characters	Food & Drink	drink	🫖 –keywords
comprehensive	13	cad eu gn jv mai mni pcm sat sd sd_Deva so su yue	Miscellaneous	Linguistic Elements	Collation	standard
basic	2	cad gn	Date & Time	Generic	Formats - Standard - Date Formats	full
basic	2	cad gn	Date & Time	Generic	Formats - Standard - Date Formats	long
basic	2	cad gn	Date & Time	Generic	Formats - Standard - Date Formats	medium
basic	2	cad gn	Date & Time	Generic	Formats - Standard - Date Formats	short
basic	2	cad gn	Date & Time	Generic	Formats - Standard - Date & Time Combination Formats	full
basic	2	cad gn	Date & Time	Generic	Formats - Standard - Date & Time Combination Formats	long
basic	2	cad gn	Date & Time	Generic	Formats - Standard - Date & Time Combination Formats	medium
basic	2	cad gn	Date & Time	Generic	Formats - Standard - Date & Time Combination Formats	short
basic	2	cad gn	Date & Time	Generic	Formats - Intervals - Fallback	Fallback
basic	2	cad gn	Date & Time	Gregorian	Formats - Standard - Date Formats	full
basic	2	cad gn	Date & Time	Gregorian	Formats - Standard - Date Formats	long
basic	2	cad gn	Date & Time	Gregorian	Formats - Standard - Date Formats	medium
basic	2	cad gn	Date & Time	Gregorian	Formats - Standard - Date Formats	short
basic	2	cad gn	Date & Time	Gregorian	Formats - Flexible - 12 Hour Time Formats	Bh
basic	2	cad gn	Date & Time	Gregorian	Formats - Flexible - 12 Hour Time Formats	Bhm
basic	2	cad gn	Date & Time	Gregorian	Formats - Flexible - 12 Hour Time Formats	Bhms
basic	2	cad gn	Date & Time	Gregorian	Formats - Flexible - Date Formats	E
basic	2	cad gn	Date & Time	Gregorian	Formats - Flexible - 12 Hour Time Formats	EBhm
basic	2	cad gn	Date & Time	Gregorian	Formats - Flexible - 12 Hour Time Formats	EBhms
basic	2	cad gn	Date & Time	Gregorian	Formats - Flexible - 24 Hour Time Formats	EHm
basic	2	cad gn	Date & Time	Gregorian	Formats - Flexible - 24 Hour Time Formats	EHms
basic	2	cad gn	Date & Time	Gregorian	Formats - Flexible - Date Formats	Ed
basic	2	cad gn	Date & Time	Gregorian	Formats - Flexible - 12 Hour Time Formats	Ehm
basic	2	cad gn	Date & Time	Gregorian	Formats - Flexible - 12 Hour Time Formats	Ehms
basic	2	cad gn	Date & Time	Gregorian	Formats - Flexible - Date Formats	Gy
basic	2	cad gn	Date & Time	Gregorian	Formats - Flexible - Date Formats	GyMMM
basic	2	cad gn	Date & Time	Gregorian	Formats - Flexible - Date Formats	GyMMMEd
basic	2	cad gn	Date & Time	Gregorian	Formats - Flexible - Date Formats	GyMMMd
basic	2	cad gn	Date & Time	Gregorian	Formats - Flexible - 24 Hour Time Formats	H
basic	2	cad gn	Date & Time	Gregorian	Formats - Flexible - 24 Hour Time Formats	Hm
basic	2	cad gn	Date & Time	Gregorian	Formats - Flexible - 24 Hour Time Formats	Hms
basic	2	cad gn	Date & Time	Gregorian	Formats - Flexible - 24 Hour Time Formats	Hmsv
basic	2	cad gn	Date & Time	Gregorian	Formats - Flexible - 24 Hour Time Formats	Hmv
basic	2	cad gn	Date & Time	Gregorian	Formats - Flexible - Date Formats	M
basic	2	cad gn	Date & Time	Gregorian	Formats - Flexible - Date Formats	MEd
basic	2	cad gn	Date & Time	Gregorian	Formats - Flexible - Date Formats	MMM
basic	2	cad gn	Date & Time	Gregorian	Formats - Flexible - Date Formats	MMMEd
basic	2	cad gn	Date & Time	Gregorian	Formats - Flexible - Date Formats	MMMMd
basic	2	cad gn	Date & Time	Gregorian	Formats - Flexible - Date Formats	MMMd
basic	2	cad gn	Date & Time	Gregorian	Formats - Flexible - Date Formats	Md
basic	2	cad gn	Date & Time	Gregorian	Formats - Flexible - Date Formats	d
basic	2	cad gn	Date & Time	Gregorian	Formats - Flexible - 12 Hour Time Formats	h
basic	2	cad gn	Date & Time	Gregorian	Formats - Flexible - 12 Hour Time Formats	hm
basic	2	cad gn	Date & Time	Gregorian	Formats - Flexible - 12 Hour Time Formats	hms
basic	2	cad gn	Date & Time	Gregorian	Formats - Flexible - 12 Hour Time Formats	hmsv
basic	2	cad gn	Date & Time	Gregorian	Formats - Flexible - 12 Hour Time Formats	hmv
basic	2	cad gn	Date & Time	Gregorian	Formats - Flexible - 24 Hour Time Formats	ms
basic	2	cad gn	Date & Time	Gregorian	Formats - Flexible - Date Formats	y
basic	2	cad gn	Date & Time	Gregorian	Formats - Flexible - Date Formats	yM
basic	2	cad gn	Date & Time	Gregorian	Formats - Flexible - Date Formats	yMEd
basic	2	cad gn	Date & Time	Gregorian	Formats - Flexible - Date Formats	yMMM
basic	2	cad gn	Date & Time	Gregorian	Formats - Flexible - Date Formats	yMMMEd
basic	2	cad gn	Date & Time	Gregorian	Formats - Flexible - Date Formats	yMMMM
basic	2	cad gn	Date & Time	Gregorian	Formats - Flexible - Date Formats	yMMMd
basic	2	cad gn	Date & Time	Gregorian	Formats - Flexible - Date Formats	yMd
basic	2	cad gn	Date & Time	Gregorian	Formats - Flexible - Date Formats	yQQQ
basic	2	cad gn	Date & Time	Gregorian	Formats - Flexible - Date Formats	yQQQQ
basic	2	cad gn	Date & Time	Gregorian	Formats - Standard - Date & Time Combination Formats	full
basic	2	cad gn	Date & Time	Gregorian	Formats - Standard - Date & Time Combination Formats	long
basic	2	cad gn	Date & Time	Gregorian	Formats - Standard - Date & Time Combination Formats	medium
basic	2	cad gn	Date & Time	Gregorian	Formats - Standard - Date & Time Combination Formats	short
basic	2	cad gn	Date & Time	Gregorian	Formats - Intervals - Fallback	Fallback
basic	2	cad gn	Date & Time	Gregorian	Day Periods - wide - Formatting	am
basic	2	cad gn	Date & Time	Gregorian	Day Periods - wide - Formatting	pm
basic	2	cad gn	Date & Time	Gregorian	Days - narrow - Formatting	fri
basic	2	cad gn	Date & Time	Gregorian	Days - narrow - Formatting	mon
basic	2	cad gn	Date & Time	Gregorian	Days - narrow - Formatting	sat
basic	2	cad gn	Date & Time	Gregorian	Days - narrow - Formatting	sun
basic	2	cad gn	Date & Time	Gregorian	Days - narrow - Formatting	thu
basic	2	cad gn	Date & Time	Gregorian	Days - narrow - Formatting	tue
basic	2	cad gn	Date & Time	Gregorian	Days - narrow - Formatting	wed
basic	2	cad gn	Date & Time	Gregorian	Days - narrow - Standalone	fri
basic	2	cad gn	Date & Time	Gregorian	Days - narrow - Standalone	mon
basic	2	cad gn	Date & Time	Gregorian	Days - narrow - Standalone	sat
basic	2	cad gn	Date & Time	Gregorian	Days - narrow - Standalone	sun
basic	2	cad gn	Date & Time	Gregorian	Days - narrow - Standalone	thu
basic	2	cad gn	Date & Time	Gregorian	Days - narrow - Standalone	tue
basic	2	cad gn	Date & Time	Gregorian	Days - narrow - Standalone	wed
basic	2	cad gn	Date & Time	Gregorian	Eras - abbreviated	0
basic	2	cad gn	Date & Time	Gregorian	Eras - abbreviated	1
basic	2	cad gn	Date & Time	Gregorian	Months - narrow - Formatting	Jan
basic	2	cad gn	Date & Time	Gregorian	Months - narrow - Formatting	Oct
basic	2	cad gn	Date & Time	Gregorian	Months - narrow - Formatting	Nov
basic	2	cad gn	Date & Time	Gregorian	Months - narrow - Formatting	Dec
basic	2	cad gn	Date & Time	Gregorian	Months - narrow - Formatting	Feb
basic	2	cad gn	Date & Time	Gregorian	Months - narrow - Formatting	Mar
basic	2	cad gn	Date & Time	Gregorian	Months - narrow - Formatting	Apr
basic	2	cad gn	Date & Time	Gregorian	Months - narrow - Formatting	May
basic	2	cad gn	Date & Time	Gregorian	Months - narrow - Formatting	Jun
basic	2	cad gn	Date & Time	Gregorian	Months - narrow - Formatting	Jul
basic	2	cad gn	Date & Time	Gregorian	Months - narrow - Formatting	Aug
basic	2	cad gn	Date & Time	Gregorian	Months - narrow - Formatting	Sep
basic	2	cad gn	Date & Time	Gregorian	Months - narrow - Standalone	Jan
basic	2	cad gn	Date & Time	Gregorian	Months - narrow - Standalone	Oct
basic	2	cad gn	Date & Time	Gregorian	Months - narrow - Standalone	Nov
basic	2	cad gn	Date & Time	Gregorian	Months - narrow - Standalone	Dec
basic	2	cad gn	Date & Time	Gregorian	Months - narrow - Standalone	Feb
basic	2	cad gn	Date & Time	Gregorian	Months - narrow - Standalone	Mar
basic	2	cad gn	Date & Time	Gregorian	Months - narrow - Standalone	Apr
basic	2	cad gn	Date & Time	Gregorian	Months - narrow - Standalone	May
basic	2	cad gn	Date & Time	Gregorian	Months - narrow - Standalone	Jun
basic	2	cad gn	Date & Time	Gregorian	Months - narrow - Standalone	Jul
basic	2	cad gn	Date & Time	Gregorian	Months - narrow - Standalone	Aug
basic	2	cad gn	Date & Time	Gregorian	Months - narrow - Standalone	Sep
basic	2	cad gn	Date & Time	Gregorian	Quarters - abbreviated - Formatting	1
basic	2	cad gn	Date & Time	Gregorian	Quarters - abbreviated - Formatting	2
basic	2	cad gn	Date & Time	Gregorian	Quarters - abbreviated - Formatting	3
basic	2	cad gn	Date & Time	Gregorian	Quarters - abbreviated - Formatting	4
basic	2	cad gn	Date & Time	Gregorian	Quarters - wide - Formatting	1
basic	2	cad gn	Date & Time	Gregorian	Quarters - wide - Formatting	2
basic	2	cad gn	Date & Time	Gregorian	Quarters - wide - Formatting	3
basic	2	cad gn	Date & Time	Gregorian	Quarters - wide - Formatting	4
basic	2	cad gn	Date & Time	Gregorian	Quarters - abbreviated - Standalone	1
basic	2	cad gn	Date & Time	Gregorian	Quarters - abbreviated - Standalone	2
basic	2	cad gn	Date & Time	Gregorian	Quarters - abbreviated - Standalone	3
basic	2	cad gn	Date & Time	Gregorian	Quarters - abbreviated - Standalone	4
basic	2	cad gn	Date & Time	Gregorian	Quarters - wide - Standalone	1
basic	2	cad gn	Date & Time	Gregorian	Quarters - wide - Standalone	2
basic	2	cad gn	Date & Time	Gregorian	Quarters - wide - Standalone	3
basic	2	cad gn	Date & Time	Gregorian	Quarters - wide - Standalone	4
basic	2	cad gn	Date & Time	Gregorian	Formats - Standard - Time Formats	full
basic	2	cad gn	Date & Time	Gregorian	Formats - Standard - Time Formats	long
basic	2	cad gn	Date & Time	Gregorian	Formats - Standard - Time Formats	medium
basic	2	cad gn	Date & Time	Gregorian	Formats - Standard - Time Formats	short
basic	2	cad gn	Date & Time	Fields	Date Fields	day
basic	2	cad gn	Date & Time	Fields	Relative Day	-1
basic	2	cad gn	Date & Time	Fields	Relative Day	0
basic	2	cad gn	Date & Time	Fields	Relative Day	1
basic	2	cad gn	Date & Time	Fields	Date Fields	day-narrow
basic	2	cad gn	Date & Time	Fields	Relative Day Narrow	-1
basic	2	cad gn	Date & Time	Fields	Relative Day Narrow	0
basic	2	cad gn	Date & Time	Fields	Relative Day Narrow	1
basic	2	cad gn	Date & Time	Fields	Date Fields	day-short
basic	2	cad gn	Date & Time	Fields	Relative Day Short	-1
basic	2	cad gn	Date & Time	Fields	Relative Day Short	0
basic	2	cad gn	Date & Time	Fields	Relative Day Short	1
basic	2	cad gn	Date & Time	Fields	Date Fields	dayperiod
basic	2	cad gn	Date & Time	Fields	Date Fields	era
basic	2	cad gn	Date & Time	Fields	Date Fields	hour
basic	2	cad gn	Date & Time	Fields	Date Fields	hour-narrow
basic	2	cad gn	Date & Time	Fields	Date Fields	hour-short
basic	2	cad gn	Date & Time	Fields	Date Fields	minute
basic	2	cad gn	Date & Time	Fields	Date Fields	minute-narrow
basic	2	cad gn	Date & Time	Fields	Date Fields	minute-short
basic	2	cad gn	Date & Time	Fields	Date Fields	month
basic	2	cad gn	Date & Time	Fields	Date Fields	month-narrow
basic	2	cad gn	Date & Time	Fields	Date Fields	month-short
basic	2	cad gn	Date & Time	Fields	Date Fields	quarter
basic	2	cad gn	Date & Time	Fields	Date Fields	quarter-narrow
basic	2	cad gn	Date & Time	Fields	Date Fields	quarter-short
basic	2	cad gn	Date & Time	Fields	Date Fields	second
basic	2	cad gn	Date & Time	Fields	Date Fields	second-narrow
basic	2	cad gn	Date & Time	Fields	Date Fields	second-short
basic	2	cad gn	Date & Time	Fields	Date Fields	week
basic	2	cad gn	Date & Time	Fields	Date Fields	week-narrow
basic	2	cad gn	Date & Time	Fields	Date Fields	week-short
basic	2	cad gn	Date & Time	Fields	Date Fields	weekday
basic	2	cad gn	Date & Time	Fields	Date Fields	year
basic	2	cad gn	Date & Time	Fields	Date Fields	year-narrow
basic	2	cad gn	Date & Time	Fields	Date Fields	year-short
basic	2	cad gn	Date & Time	Fields	Date Fields	zone
basic	2	cad gn	Timezones	Timezone Display Patterns	null	Location Fallback Format
basic	2	cad gn	Timezones	Timezone Display Patterns	null	GMT Format
basic	2	cad gn	Timezones	Timezone Display Patterns	null	GMT Zero Format
basic	2	cad gn	Timezones	Timezone Display Patterns	null	GMT Hours/Minutes Format
moderate	1	ha	Timezones	South America	Amazon	daylight-long
moderate	1	ha	Timezones	South America	Amazon	generic-long
moderate	1	ha	Timezones	South America	Amazon	standard-long
basic	2	cad gn	Timezones	North America	America_Central	daylight-long
basic	2	cad gn	Timezones	North America	America_Central	generic-long
basic	2	cad gn	Timezones	North America	America_Central	standard-long
basic	2	cad gn	Timezones	North America	America_Eastern	daylight-long
basic	2	cad gn	Timezones	North America	America_Eastern	generic-long
basic	2	cad gn	Timezones	North America	America_Eastern	standard-long
basic	2	cad gn	Timezones	North America	America_Mountain	daylight-long
basic	2	cad gn	Timezones	North America	America_Mountain	generic-long
basic	2	cad gn	Timezones	North America	America_Mountain	standard-long
basic	2	cad gn	Timezones	North America	America_Pacific	daylight-long
basic	2	cad gn	Timezones	North America	America_Pacific	generic-long
basic	2	cad gn	Timezones	North America	America_Pacific	standard-long
moderate	1	ha	Timezones	South America	Argentina	daylight-long
moderate	1	ha	Timezones	South America	Argentina	generic-long
moderate	1	ha	Timezones	South America	Argentina	standard-long
moderate	1	ha	Timezones	South America	Argentina_Western	daylight-long
moderate	1	ha	Timezones	South America	Argentina_Western	generic-long
moderate	1	ha	Timezones	South America	Argentina_Western	standard-long
basic	2	cad gn	Timezones	North America	Atlantic	daylight-long
basic	2	cad gn	Timezones	North America	Atlantic	generic-long
basic	2	cad gn	Timezones	North America	Atlantic	standard-long
moderate	1	pl	Timezones	Southern Asia	Bhutan	standard-long
moderate	1	ha	Timezones	South America	Bolivia	standard-long
moderate	1	ha	Timezones	South America	Brasilia	daylight-long
moderate	1	ha	Timezones	South America	Brasilia	generic-long
moderate	1	ha	Timezones	South America	Brasilia	standard-long
moderate	1	pl	Timezones	Southeast Asia	Brunei	standard-long
moderate	1	ha	Timezones	South America	Chile	daylight-long
moderate	1	ha	Timezones	South America	Chile	generic-long
moderate	1	ha	Timezones	South America	Chile	standard-long
moderate	1	ha	Timezones	South America	Colombia	daylight-long
moderate	1	ha	Timezones	South America	Colombia	generic-long
moderate	1	ha	Timezones	South America	Colombia	standard-long
moderate	1	pl	Timezones	Antarctica	Davis	standard-long
moderate	1	ha	Timezones	South America	Easter	daylight-long
moderate	1	ha	Timezones	South America	Easter	generic-long
moderate	1	ha	Timezones	South America	Easter	standard-long
moderate	1	ha	Timezones	South America	Ecuador	standard-long
basic	2	cad gn	Timezones	Europe	Europe_Central	daylight-long
basic	2	cad gn	Timezones	Europe	Europe_Central	generic-long
basic	2	cad gn	Timezones	Europe	Europe_Central	standard-long
basic	2	cad gn	Timezones	Europe	Europe_Eastern	daylight-long
basic	2	cad gn	Timezones	Europe	Europe_Eastern	generic-long
basic	2	cad gn	Timezones	Europe	Europe_Eastern	standard-long
moderate	2	ha ig	Timezones	Europe	Europe_Further_Eastern	standard-long
basic	2	cad gn	Timezones	Europe	Europe_Western	daylight-long
basic	2	cad gn	Timezones	Europe	Europe_Western	generic-long
basic	2	cad gn	Timezones	Europe	Europe_Western	standard-long
moderate	1	ha	Timezones	South America	Falkland	daylight-long
moderate	1	ha	Timezones	South America	Falkland	generic-long
moderate	1	ha	Timezones	South America	Falkland	standard-long
moderate	1	ha	Timezones	South America	French_Guiana	standard-long
basic	2	cad gn	Timezones	Europe	GMT	standard-long
moderate	2	ha pl	Timezones	South America	Galapagos	standard-long
moderate	1	ha	Timezones	South America	Guyana	standard-long
moderate	1	pl	Timezones	Oceania	Kosrae	standard-long
moderate	1	pl	Timezones	Australasia	Macquarie	standard-long
moderate	1	pl	Timezones	Antarctica	Mawson	standard-long
moderate	1	pl	Timezones	Oceania	Nauru	standard-long
moderate	1	pl	Timezones	Southern Asia	Nepal	standard-long
moderate	1	pl	Timezones	Oceania	Niue	standard-long
moderate	1	pl	Timezones	Australasia	Norfolk	daylight-long
moderate	1	pl	Timezones	Australasia	Norfolk	generic-long
moderate	1	pl	Timezones	Australasia	Norfolk	standard-long
moderate	1	ha	Timezones	South America	Noronha	daylight-long
moderate	1	ha	Timezones	South America	Noronha	generic-long
moderate	1	ha	Timezones	South America	Noronha	standard-long
moderate	1	pl	Timezones	Oceania	Palau	standard-long
moderate	1	ha	Timezones	South America	Paraguay	daylight-long
moderate	1	ha	Timezones	South America	Paraguay	generic-long
moderate	1	ha	Timezones	South America	Paraguay	standard-long
moderate	1	ha	Timezones	South America	Peru	daylight-long
moderate	1	ha	Timezones	South America	Peru	generic-long
moderate	1	ha	Timezones	South America	Peru	standard-long
moderate	1	pl	Timezones	Oceania	Pitcairn	standard-long
moderate	1	pl	Timezones	Africa	Reunion	standard-long
moderate	1	pl	Timezones	Antarctica	Rothera	standard-long
moderate	1	ha	Timezones	South America	South_Georgia	standard-long
moderate	1	ha	Timezones	South America	Suriname	standard-long
moderate	1	pl	Timezones	Antarctica	Syowa	standard-long
moderate	1	pl	Timezones	Oceania	Tahiti	standard-long
moderate	1	pl	Timezones	Oceania	Tokelau	standard-long
moderate	1	pl	Timezones	Oceania	Tuvalu	standard-long
moderate	1	ha	Timezones	South America	Uruguay	daylight-long
moderate	1	ha	Timezones	South America	Uruguay	generic-long
moderate	1	ha	Timezones	South America	Uruguay	standard-long
moderate	1	ha	Timezones	South America	Venezuela	standard-long
moderate	1	pl	Timezones	Oceania	Wake	standard-long
basic	2	cad gn	Timezones	Timezone Display Patterns	null	Region Format - Generic
basic	2	cad gn	Timezones	Timezone Display Patterns	null	Region Format - Daylight
basic	2	cad gn	Timezones	Timezone Display Patterns	null	Region Format - Standard
basic	2	cad gn	Timezones	Overrides	Etc/UTC	standard-long
moderate	1	ha	Timezones	Overrides	Europe/Dublin	daylight-long
moderate	1	ha	Timezones	Overrides	Europe/London	daylight-long
basic	2	cad gn	Core Data	Alphabetic Information	Quotation Marks	embedded-End
basic	2	cad gn	Core Data	Alphabetic Information	Quotation Marks	embedded-Start
basic	2	cad gn	Core Data	Alphabetic Information	Quotation Marks	End
basic	2	cad gn	Core Data	Alphabetic Information	Quotation Marks	Start
comprehensive	6	ar fa he ps sd ur	Special	Alphabetic Information	Layout	characterOrder
basic	2	cad gn	Miscellaneous	Displaying Lists	“And” List	2
basic	2	cad gn	Miscellaneous	Displaying Lists	“And” List	end
basic	2	cad gn	Miscellaneous	Displaying Lists	“And” List	middle
basic	2	cad gn	Miscellaneous	Displaying Lists	“And” List	start
basic	2	cad gn	Locale Display Names	Locale Name Patterns	Locale Field Fallbacks	language
basic	2	cad gn	Locale Display Names	Locale Name Patterns	Locale Field Fallbacks	script
basic	2	cad gn	Locale Display Names	Locale Name Patterns	Locale Field Fallbacks	territory
modern	1	ro	Locale Display Names	Keys	calendar	calendar
modern	1	ga	Locale Display Names	Languages (A-D)	A	Aghem ► agq
modern	1	ga	Locale Display Names	Languages (A-D)	A	Asu ► asa
modern	1	ga	Locale Display Names	Languages (A-D)	B	Basaa ► bas
modern	1	ga	Locale Display Names	Languages (A-D)	B	Bena ► bez
modern	1	ga	Locale Display Names	Languages (A-D)	B	Bodo ► brx
basic	1	cad	Locale Display Names	Languages (A-D)	C	Caddo ► cad
modern	1	ga	Locale Display Names	Languages (A-D)	C	Chiga ► cgg
basic	2	cad gn	Locale Display Names	Languages (E-J)	G	German ► de
modern	1	ga	Locale Display Names	Languages (E-J)	J	Jola-Fonyi ► dyo
modern	1	ga	Locale Display Names	Languages (E-J)	E	Embu ► ebu
basic	2	cad gn	Locale Display Names	Languages (E-J)	E	English ► en
basic	2	cad gn	Locale Display Names	Languages (O-S)	S	Spanish ► es
basic	2	cad gn	Locale Display Names	Languages (E-J)	F	French ► fr
modern	1	ga	Locale Display Names	Languages (E-J)	G	Gusii ► guz
modern	1	ga	Locale Display Names	Languages (O-S)	S	Sichuan Yi ► ii
basic	2	cad gn	Locale Display Names	Languages (E-J)	I	Italian ► it
basic	2	cad gn	Locale Display Names	Languages (E-J)	J	Japanese ► ja
modern	1	ga	Locale Display Names	Languages (O-S)	S	Shambala ► ksb
modern	1	ga	Locale Display Names	Languages (A-D)	B	Bafia ► ksf
modern	1	ga	Locale Display Names	Languages (A-D)	C	Colognian ► ksh
modern	1	jv	Locale Display Names	Languages (K-N)	M	Maithili ► mai
modern	2	jv so	Locale Display Names	Languages (K-N)	M	Manipuri ► mni
modern	3	ga jv so	Locale Display Names	Languages (K-N)	N	Nigerian Pidgin ► pcm
basic	2	cad gn	Locale Display Names	Languages (O-S)	P	Portuguese ► pt
modern	1	ga	Locale Display Names	Languages (O-S)	R	Rombo ► rof
basic	2	cad gn	Locale Display Names	Languages (O-S)	R	Russian ► ru
modern	1	ga	Locale Display Names	Languages (O-S)	R	Rwa ► rwk
modern	1	ga	Locale Display Names	Languages (O-S)	S	Samburu ► saq
modern	2	jv so	Locale Display Names	Languages (O-S)	S	Santali ► sat
modern	1	ga	Locale Display Names	Languages (O-S)	S	Sangu ► sbp
modern	1	ga	Locale Display Names	Languages (O-S)	S	Sena ► seh
basic	2	cad gn	Locale Display Names	Languages (T-Z)	U	Unknown language ► und
modern	1	ga	Locale Display Names	Languages (O-S)	S	Soga ► xog
basic	2	cad gn	Locale Display Names	Languages (A-D)	C	Chinese ► zh
basic	2	cad gn	Locale Display Names	Languages (A-D)	C	Chinese ► zh-menu
basic	2	cad gn	Locale Display Names	Locale Name Patterns	Locale Formatting	localeKeyTypePattern
basic	2	cad gn	Locale Display Names	Locale Name Patterns	Locale Formatting	localePattern
basic	2	cad gn	Locale Display Names	Locale Name Patterns	Locale Formatting	localeSeparator
basic	2	cad gn	Units	Measurement Systems	null	UK
basic	1	gn	Units	Measurement Systems	null	US
basic	2	cad gn	Units	Measurement Systems	null	metric
basic	2	cad gn	Locale Display Names	Scripts	Major Use	Arab
basic	2	cad gn	Locale Display Names	Scripts	Major Use	Cyrl
basic	2	cad gn	Locale Display Names	Scripts	Major Use	Hans
basic	2	cad gn	Locale Display Names	Scripts	Major Use	Hans-stand-alone
basic	2	cad gn	Locale Display Names	Scripts	Major Use	Hant
basic	2	cad gn	Locale Display Names	Scripts	Major Use	Hant-stand-alone
basic	2	cad gn	Locale Display Names	Scripts	Major Use	Latn
basic	2	cad gn	Locale Display Names	Scripts	Other	Zxxx
basic	2	cad gn	Locale Display Names	Scripts	Other	Zzzz
moderate	1	jv	Locale Display Names	Geographic Regions	Americas	003
moderate	1	jv	Locale Display Names	Geographic Regions	Africa	015
moderate	1	jv	Locale Display Names	Geographic Regions	Europe	154
basic	2	cad gn	Locale Display Names	Territories (South America)	South America	BR
basic	2	cad gn	Locale Display Names	Territories (Asia)	Eastern Asia	CN
basic	2	cad gn	Locale Display Names	Territories (Europe)	Western Europe	DE
moderate	1	zu	Locale Display Names	Geographic Regions	World	EZ
basic	2	cad gn	Locale Display Names	Territories (Europe)	Western Europe	FR
basic	2	cad gn	Locale Display Names	Territories (Europe)	Northern Europe	GB
basic	3	cad gn jv	Locale Display Names	Territories (Asia)	Southern Asia	IN
basic	2	cad gn	Locale Display Names	Territories (Europe)	Southern Europe	IT
basic	2	cad gn	Locale Display Names	Territories (Asia)	Eastern Asia	JP
moderate	1	jv	Locale Display Names	Territories (Asia)	Eastern Asia	KP
moderate	1	jv	Locale Display Names	Territories (Europe)	Southern Europe	MK
moderate	1	jv	Locale Display Names	Territories (Oceania)	Australasia	NZ
basic	1	gn	Locale Display Names	Territories (South America)	South America	PY
basic	2	cad gn	Locale Display Names	Territories (Europe)	Eastern Europe	RU
basic	2	cad gn	Locale Display Names	Territories (North America)	Northern America	US
basic	2	cad gn	Locale Display Names	Geographic Regions	Unknown Region	ZZ
basic	2	cad gn	Locale Display Names	Keys	calendar	calendar-gregorian
basic	2	cad gn	Locale Display Names	Keys	collation	collation-standard
modern	1	ky	Locale Display Names	Keys	d0	d0-fwidth
modern	1	ky	Locale Display Names	Keys	d0	d0-hwidth
modern	1	ps	Locale Display Names	Keys	Measurement System	ms-uksystem
basic	2	cad gn	Locale Display Names	Keys	numbers	numbers-latn
comprehensive	5	cad gn jv pcm su	Special	Unknown	metadata	casingData/casingItem[@type="*"]
basic	2	cad gn	Currencies	South America (C)	South America: Brazil	BRL-name
basic	2	cad gn	Currencies	South America (C)	South America: Brazil	BRL-name-other
moderate	2	ga zu	Currencies	Eastern Asia (C)	Eastern Asia: China: CNH (offshore)	CNH-name
moderate	1	ga	Currencies	Eastern Asia (C)	Eastern Asia: China: CNH (offshore)	CNH-name-few
moderate	1	ga	Currencies	Eastern Asia (C)	Eastern Asia: China: CNH (offshore)	CNH-name-many
moderate	1	ga	Currencies	Eastern Asia (C)	Eastern Asia: China: CNH (offshore)	CNH-name-one
moderate	1	ga	Currencies	Eastern Asia (C)	Eastern Asia: China: CNH (offshore)	CNH-name-other
moderate	1	ga	Currencies	Eastern Asia (C)	Eastern Asia: China: CNH (offshore)	CNH-name-two
basic	2	cad gn	Currencies	Eastern Asia (C)	Eastern Asia: China	CNY-name
basic	2	cad gn	Currencies	Eastern Asia (C)	Eastern Asia: China	CNY-name-other
basic	2	cad gn	Currencies	Unknown Region (C)	Unknown Region: EUR	EUR-name
basic	2	cad gn	Currencies	Unknown Region (C)	Unknown Region: EUR	EUR-name-other
basic	2	cad gn	Currencies	Northern/Western Europe	Northern Europe: United Kingdom	GBP-name
basic	2	cad gn	Currencies	Northern/Western Europe	Northern Europe: United Kingdom	GBP-name-other
basic	2	cad gn	Currencies	Southern Asia (C)	Southern Asia: India	INR-name
basic	2	cad gn	Currencies	Southern Asia (C)	Southern Asia: India	INR-name-other
basic	2	cad gn	Currencies	Eastern Asia (C)	Eastern Asia: Japan	JPY-name
basic	2	cad gn	Currencies	Eastern Asia (C)	Eastern Asia: Japan	JPY-name-other
moderate	1	ps	Currencies	Eastern Asia (C)	Eastern Asia: Macao SAR China	MOP-name
moderate	1	ps	Currencies	Eastern Asia (C)	Eastern Asia: Macao SAR China	MOP-name-one
moderate	1	ps	Currencies	Eastern Asia (C)	Eastern Asia: Macao SAR China	MOP-name-other
basic	1	gn	Currencies	South America (C)	South America: Paraguay	PYG-name
basic	1	gn	Currencies	South America (C)	South America: Paraguay	PYG-name-other
basic	2	cad gn	Currencies	Southern/Eastern Europe	Eastern Europe: Russia	RUB-name
basic	2	cad gn	Currencies	Southern/Eastern Europe	Eastern Europe: Russia	RUB-name-other
moderate	1	ps	Currencies	Eastern Africa	Eastern Africa: South Sudan	SSP-name
moderate	1	ps	Currencies	Eastern Africa	Eastern Africa: South Sudan	SSP-name-one
moderate	1	ps	Currencies	Eastern Africa	Eastern Africa: South Sudan	SSP-name-other
moderate	1	ps	Currencies	Northern Africa	Northern Africa: Tunisia	TND-name
moderate	1	ps	Currencies	Northern Africa	Northern Africa: Tunisia	TND-name-one
moderate	1	ps	Currencies	Northern Africa	Northern Africa: Tunisia	TND-name-other
basic	2	cad gn	Currencies	North America (C)	Northern America: United States	USD-name
basic	2	cad gn	Currencies	North America (C)	Northern America: United States	USD-name-other
basic	3	cad gn su	Currencies	Unknown Region (C)	Unknown Region: XXX	XXX-name
basic	3	cad gn su	Currencies	Unknown Region (C)	Unknown Region: XXX	XXX-name-other
basic	2	cad gn	Numbers	Number Formatting Patterns	Standard Patterns 	standard-currency
basic	2	cad gn	Numbers	Number Formatting Patterns	Currency Unit Patterns 	currencies-other
basic	2	cad gn	Numbers	Number Formatting Patterns	Standard Patterns 	standard-decimal
basic	2	cad gn	Numbers	Number Formatting Patterns	Standard Patterns 	standard-percent
basic	2	cad gn	Numbers	Number Formatting Patterns	Standard Patterns 	standard-scientific
basic	2	cad gn	Numbers	Symbols	Symbols 	decimal
basic	2	cad gn	Numbers	Symbols	Symbols 	group
basic	2	cad gn	Numbers	Symbols	Symbols 	minusSign
basic	2	cad gn	Numbers	Symbols	Symbols 	percentSign
basic	2	cad gn	Numbers	Symbols	Symbols 	plusSign
basic	2	cad gn	Core Data	Alphabetic Information	Yes and No	posix-no
basic	2	cad gn	Core Data	Alphabetic Information	Yes and No	posix-yes
modern	3	eu fil pl	Characters	Typography	Style	wdth-125-extended
modern	3	eu fil pl	Characters	Typography	Style	wdth-125-wide
modern	3	eu fil pl	Characters	Typography	Style	wdth-75-compressed
modern	3	eu fil pl	Characters	Typography	Style	wght-900-heavy
modern	3	eu fil pl	Characters	Typography	Style	wght-950-ultrablack
modern	3	eu fil pl	Characters	Typography	Style	wght-950-ultraheavy
basic	2	cad gn	Units	Duration	Duration Patterns	hm
basic	2	cad gn	Units	Duration	Duration Patterns	hms
basic	2	cad gn	Units	Duration	Duration Patterns	ms
moderate	1	or	Units	Compound Units	10p-21	long
moderate	1	or	Units	Compound Units	10p-24	long
moderate	1	ml	Units	Compound Units	10p15	long
moderate	1	or	Units	Compound Units	10p2	long
moderate	1	ml	Units	Compound Units	power3	long
moderate	1	ps	Units	Graphics	em	long-displayName
moderate	1	af	Units	Graphics	megapixel	long-displayName
moderate	1	af	Units	Graphics	megapixel	long-one
moderate	1	af	Units	Graphics	megapixel	long-other
moderate	1	af	Units	Graphics	pixel-per-centimeter	long-displayName
moderate	1	af	Units	Graphics	pixel-per-centimeter	long-one
moderate	1	af	Units	Graphics	pixel-per-centimeter	long-other
moderate	1	af	Units	Graphics	pixel-per-inch	long-displayName
moderate	1	af	Units	Graphics	pixel-per-inch	long-one
moderate	1	af	Units	Graphics	pixel-per-inch	long-other
moderate	1	ps	Units	Length	parsec	long-one
moderate	1	ps	Units	Length	parsec	long-other
moderate	1	ml	Units	Compound Units	10p-1	narrow
moderate	1	ml	Units	Compound Units	10p-18	narrow
moderate	1	ml	Units	Compound Units	10p-21	narrow
moderate	1	ml	Units	Compound Units	10p15	narrow
moderate	1	ml	Units	Compound Units	10p18	narrow
moderate	1	ml	Units	Compound Units	10p24	narrow
moderate	1	ml	Units	Compound Units	10p3	narrow
moderate	1	ml	Units	Compound Units	10p-1	short
moderate	1	ml	Units	Compound Units	10p-18	short
moderate	1	ml	Units	Compound Units	10p-21	short
moderate	1	ml	Units	Compound Units	10p-3	short
moderate	1	ml	Units	Compound Units	10p15	short
moderate	1	ml	Units	Compound Units	10p18	short
moderate	1	ml	Units	Compound Units	10p24	short
moderate	1	ml	Units	Compound Units	10p3	short
moderate	1	ml	Units	Compound Units	10p6	short
comprehensive	1	cad	Supplemental	Plural	cardinal-cad	other
comprehensive	1	gn	Supplemental	Plural	cardinal-gn	other
comprehensive	1	kok	Supplemental	Plural	cardinal-kok	other
comprehensive	1	mai	Supplemental	Plural	cardinal-mai	other
comprehensive	1	mni	Supplemental	Plural	cardinal-mni	other
comprehensive	1	cad	Supplemental	Plural	ordinal-cad	other
comprehensive	1	ceb	Supplemental	Plural	ordinal-ceb	other
comprehensive	1	gn	Supplemental	Plural	ordinal-gn	other
comprehensive	1	ha	Supplemental	Plural	ordinal-ha	other
comprehensive	1	ig	Supplemental	Plural	ordinal-ig	other
comprehensive	1	jv	Supplemental	Plural	ordinal-jv	other
comprehensive	1	kok	Supplemental	Plural	ordinal-kok	other
comprehensive	1	mai	Supplemental	Plural	ordinal-mai	other
comprehensive	1	mni	Supplemental	Plural	ordinal-mni	other
comprehensive	1	pcm	Supplemental	Plural	ordinal-pcm	other
comprehensive	1	sat	Supplemental	Plural	ordinal-sat	other
comprehensive	1	so	Supplemental	Plural	ordinal-so	other
comprehensive	1	su	Supplemental	Plural	ordinal-su	other
comprehensive	1	yo	Supplemental	Plural	ordinal-yo	other
comprehensive	1	km	Supplemental	Unknown	transforms	transform[@source="und-Khmr"][@target="und-Latn"]
comprehensive	1	lo	Supplemental	Unknown	transforms	transform[@source="und-Laoo"][@target="und-Latn"]
comprehensive	1	sat	Supplemental	Unknown	transforms	transform[@source="und-Olck"][@target="und-Latn"]
comprehensive	1	si	Supplemental	Unknown	transforms	transform[@source="und-Sinh"][@target="und-Latn"]
